HRV_MeanNN,HRV_SDNN,HRV_RMSSD,HRV_Prc20NN,HRV_Prc80NN,HRV_pNN50,HRV_HTI,HRV_VLF,HRV_LF,HRV_HF,HRV_TP,HRV_LFHF,HRV_SD1,HRV_SD2,HRV_SD1SD2,HRV_DFA_alpha1,HRV_DFA_alpha2,HRV_ApEn,HRV_SampEn,Label
833.3147632311977,106.42459021869392,88.21743592587843,733.8,932.0,50.27777777777778,24.0,62.65412710096301,713.0216949538599,4228.126423040546,5161.003599745545,0.16863774249236121,62.46583600736315,137.04090223277802,0.45581891967741517,0.7395350725636938,0.9768553828477141,1.2075561866590157,1.6580336942528375,-1
766.9665809768637,92.33030798513047,76.5816844457339,682.8,856.0,49.48717948717949,18.571428571428573,73.00785109973383,1245.114713457545,3010.5331637531335,4423.6395653319,0.41358611439619586,54.22027262442594,118.65196845421724,0.4569690105507794,0.8083480637307848,0.8483909289546331,1.2163193973312714,1.6587436734182543,210
896.4084084084084,61.685885888809736,51.57749928523577,851.2,948.0,36.52694610778443,14.521739130434783,36.95088464763483,1201.2681097705756,1179.1372642570893,2458.91747417977,1.0187686762044874,36.525411078458745,79.28297868521429,0.46069675590115633,1.0045293279088334,0.5803308215457625,1.156606859324195,1.7167618173003467,-1
833.2562674094708,71.63709266628423,46.59209456070236,789.8,889.0,26.666666666666668,12.857142857142858,156.09908424532827,1241.711994693217,1299.7608907557374,2731.7345493237585,0.9553387884838048,32.99140329228227,95.89677138751784,0.344030386163517,1.0873375581886005,0.9172254821289161,1.1931579122094775,1.469750041389667,110
782.7931937172774,45.48392105011796,21.992053634919312,753.4,820.0,1.5665796344647518,9.820512820512821,28.439520678319514,396.4401592772982,156.12678198249068,591.9334985059842,2.5392194359181643,15.571013159718921,62.47653551316023,0.24922977933754026,1.317823413839952,0.784597381027974,1.0722259106980156,1.2576102877296929,-1
786.646437994723,44.873396302880735,22.891846031635456,755.0,823.2,3.421052631578948,10.27027027027027,17.391575821534794,443.4773167485722,132.1134883233741,604.9009251244698,3.3567906076559955,16.20831291417216,61.429755738597606,0.2638511698328004,1.4084013498256955,0.815880371426659,1.1409122396865907,1.4226262903672808,110
860.193083573487,141.6434626084574,185.61144227632056,785.4,901.6,28.448275862068968,13.384615384615385,202.01901287317088,6752.254941699859,17378.946663458413,25864.09221957908,0.38853073620954187,131.43661177473473,151.5311058861907,0.8673903025128835,0.6710825887694606,0.5032458069736641,0.9972023791754441,1.037267638019415,-1
841.4309859154929,171.73230937166878,198.6279801753937,743.0,898.0,43.258426966292134,19.77777777777778,501.3215042079077,7082.363290063826,14080.63648165966,23800.528369720552,0.5029860190829272,140.63637808735515,191.72423842927032,0.7335346810582734,0.730812325756347,0.7552582498599173,1.0724440768403651,1.1681218225277012,210
905.0818181818181,91.5620470353316,57.69779030874055,853.0,973.0,29.305135951661633,15.045454545454545,110.25282351760234,1713.3717138241852,1158.9057640644608,3033.4000732086843,1.4784392026967983,40.859999897753546,122.97963945327533,0.3322501194458114,1.244682875223272,0.7072257181744299,1.0981049415992823,1.3846661382364291,-1
887.2611275964391,70.21414934233692,51.747228699121194,831.0,944.8000000000001,23.076923076923077,15.363636363636363,136.463734666798,1276.3435724885194,1675.1478376836374,3132.328513882678,0.7619289138404781,36.644487633690126,92.24952489594078,0.3972322640688481,0.9849984788301602,0.8158975860638922,1.1755475226546621,1.4720513700568658,110
729.8926829268293,43.13651834296694,22.957887982011627,693.0,769.0,2.67639902676399,11.742857142857142,15.789026760906804,677.2217130431459,391.2046309526375,1089.3954289703215,1.7311188556076578,16.253424192234874,58.856644604482,0.27615274879256635,1.2996984178455335,0.7670389665927307,1.1039972137148641,1.333012994506954,-1
763.4668367346939,56.576018231874045,28.55895584978597,716.0,810.0,6.361323155216285,14.035714285714286,27.924598260474575,511.35483693906065,379.3613900294483,925.5800843207725,1.3479359006444127,20.219879176728607,77.48645587632579,0.26094727069464957,1.1544003331593853,0.8167553787974181,1.116360863352158,1.3220831186630349,210
842.5423728813558,69.28871604121858,39.1546214356962,789.0,888.2,17.464788732394364,14.791666666666666,153.44290585569578,1430.9664461910259,551.9562777499277,2157.48433616542,2.5925358653848796,27.725680030760923,94.12800349939631,0.29455293855179604,1.325754190102018,0.8203900220378462,1.0716122129693817,1.335349559504642,-1
836.0644257703082,54.065462919433784,39.469091680025016,798.0,875.0,18.156424581005588,14.32,83.3141856592953,1562.4647450132834,625.1570470862206,2296.4164600235836,2.49931557565533,27.948007145611683,71.27731357400621,0.3921024200300937,1.2241067663778873,0.8059565704495553,1.159042702473354,1.5893078293949092,110
670.6121076233184,48.03996595275418,32.880048119270604,632.0,706.8,11.6331096196868,10.395348837209303,40.233241892791376,732.1485339086594,874.1222850114142,1666.8458313612427,0.8375813618561379,23.275659344645227,63.858227276935885,0.3644895941709277,1.206560274051704,0.7269282667098225,1.1091157637027846,1.418043059434471,-1
659.2803532008829,43.37279732479932,29.618229023598914,623.0,693.0,8.81057268722467,10.088888888888889,16.850110445537254,523.7746210930061,807.55676992417,1363.7868215938115,0.6485917035184893,20.966239786140456,57.66147231988598,0.36360916470927035,1.197654952540793,0.5711442669674383,1.1160229515629858,1.3384030734154755,110
645.8095238095239,46.137973910541184,24.419341568121144,614.0,675.0,3.8876889848812093,8.735849056603774,36.183401748828125,1091.1147163500939,341.1816645576934,1477.5974744512184,3.1980461721605433,17.285661047898607,62.95575361251914,0.27456840806463234,1.5628043102021698,0.6739195221709672,0.9553059931646808,0.9419228920673299,-1
649.8932461873638,48.0829387182226,25.0855119038994,615.0,681.0,3.6956521739130435,10.454545454545455,33.885007877979334,1516.6815873064952,374.9139893612174,1940.195027619268,4.045412095426565,17.75698164693431,65.59055307542414,0.27072468235654507,1.4962667901776305,0.6007144478143362,1.085211221075257,1.267058937266108,210
813.1195652173914,55.310063238647075,35.993990106947564,774.6,854.4000000000001,15.718157181571815,10.852941176470589,94.85353157639699,1724.4976960064487,775.3393510106549,2609.901453971309,2.2241844087476865,25.48610471617753,74.02849274521579,0.34427426212624884,1.2353491524918283,0.8011183080763533,1.0412615811100805,1.263269009282259,-1
723.0752427184466,99.54535809928981,30.47993738779023,646.8,803.6,9.927360774818402,14.75,44.552283982025735,1131.2466958971897,419.5902598489497,1606.258984774543,2.696074728484957,21.577583359848965,139.13567566440682,0.15508303860106862,1.41704358162578,1.0780892315582689,0.8867503189076524,0.8479683263861714,210
768.8483290488432,67.44092056853022,47.12347058340372,718.6,811.2,18.71794871794872,13.448275862068966,81.32736344571087,1387.1368066974865,1507.763447862137,2989.140874085461,0.9199963088800917,33.363936953914454,89.39344680941265,0.37322575809216263,1.1321702133534373,0.8098707175673884,1.1151422533024515,1.3520955000916401,-1
736.8226600985222,52.59308500143541,38.09544217179159,693.0,777.8,18.91891891891892,13.129032258064516,19.152897675330536,947.5255139459741,1001.2158781211408,1993.2232003680456,0.946374837486676,26.970672958804755,69.37978040857132,0.3887396702609445,1.0439534503584462,0.6162090130823825,1.160783649752438,1.5241845200753683,110
702.1058823529411,60.74537475094888,39.64828099109146,652.0,754.0,13.849765258215962,11.833333333333334,33.03276821817969,1450.0042173177644,538.6655543820644,2067.0741992771414,2.691845070697255,28.068522062933482,81.27344966484004,0.3453590585693607,1.2504290562732856,0.7158907952541443,1.287835762038462,1.5548497221496973,-1
702.169411764706,45.20447146942932,34.11232162881014,666.0,736.0,11.267605633802818,13.3125,41.20392229004602,555.0896455489288,433.70509829361964,1058.6579468729303,1.279878073218156,24.149374772144764,59.23621736155697,0.40767921801531487,1.1668105434888525,0.7861672121416277,1.2000209275740619,1.5021347055387724,210
694.3712296983758,91.60667717039047,62.94524631503317,623.2,757.0,28.47222222222222,17.28,59.90917543265911,5633.081913546191,1813.4250754447387,7556.94315674936,3.106321838063637,44.56073511704958,121.80697319626564,0.36583073979885844,1.4219126898542696,0.3284233219132864,0.9099095629497449,0.9782879555830533,-1
684.9587155963303,61.75527420332848,41.08051364905641,644.4,711.0,13.501144164759726,10.404761904761905,38.21630559308597,2306.90312155131,799.8687732262106,3166.813874308954,2.8841019911886168,29.081679073927976,82.45724875687145,0.35268796270024105,1.4558567290601885,0.3854675337060428,0.9305996368948111,1.0323196888489048,210
774.9481865284974,61.54856045951669,53.84299530126792,741.0,803.8,6.459948320413436,9.923076923076923,74.28132196031268,1376.6041489865947,460.3459214912438,1934.2248636080694,2.9903689480450386,38.12195641973897,78.29957189669538,0.4868731143260299,0.9890079540954217,0.6719121877601582,1.0628195244104468,1.138557001355942,-1
800.2868632707775,73.40833509354715,62.49390846088055,750.0,839.0,14.973262032085561,13.357142857142858,78.35405805319101,686.273231068852,394.0184475000122,1186.1993598090312,1.7417286815456294,44.24916796047971,94.04786711404869,0.47049624109837845,0.7074029933316471,0.8213060042105229,1.0668158039899693,1.185473015602467,110
843.2957746478872,39.497332541844486,27.36884448661901,816.0,875.0,5.8988764044943816,9.88888888888889,56.817446037493525,668.6539098575654,234.92066612061572,976.067110692932,2.846296670699279,19.379799962097856,52.41663458578178,0.36972613971204293,1.3282448092686214,0.6648606159050869,1.1521356834556178,1.6283420670732531,-1
868.5145348837209,57.97072053976857,59.486762400538105,840.2,904.2,4.9275362318840585,10.454545454545455,55.86609901936535,568.2636880953255,209.46859101997708,845.72911225094,2.7128825631004987,42.12473014239104,70.45747490910186,0.5978745363318331,0.9965716333136704,0.6809593086268338,1.1222488551397936,1.2873544132649872,110
820.2219178082192,44.463160822130206,32.0857914730463,784.0,858.0,10.655737704918032,13.071428571428571,31.823189776352258,682.2317165790832,465.33300208706027,1211.076002976411,1.4661150477598037,22.719193699511695,58.7165072502055,0.38693026481802834,1.1407096450082619,0.7529322054859463,1.0815441163783905,1.43435165607367,-1
823.1652892561983,44.84076764003026,33.74806663482823,788.0,859.0,12.362637362637363,12.133333333333333,21.838755772700893,419.6476684709231,440.60966297959305,922.2931295262456,0.952425023166955,23.896422794094228,58.83361219313856,0.4061695670775274,1.0282190662095658,0.9627963784328197,1.0956457935754909,1.48494344218973,110
758.5431472081218,91.54691131221053,65.5858609377659,680.6,838.0,23.544303797468356,19.75,89.99006880349091,5537.998232344957,1687.413739271385,7493.851831196453,3.281944494973847,46.434887836999025,120.94317837534236,0.3839397017737552,1.4006042387127808,0.5021992082668054,0.8788029921021985,0.9582693961591012,-1
661.3148558758314,60.513532056954446,28.034226411654746,613.0,707.0,7.300884955752212,11.894736842105264,80.42729101769916,1219.016512369703,524.0238249823831,1834.5280726754847,2.3262616206633058,19.845201480426052,83.34318580057342,0.23811426560909688,1.4232948619992682,0.7422633330780859,0.8844805591634244,0.8568593549727682,210
767.4000000000001,36.812121749395374,24.1995210802367,740.0,798.0,2.0460358056265986,9.093023255813954,43.146447688642574,289.0986584990932,250.85423082438115,591.349219026505,1.152456777583657,17.133625496906618,49.23072370062492,0.3480270897721767,1.0906696106687366,1.061204582451676,1.146675185198855,1.382999465223038,-1
753.3073047858942,34.42088394312379,22.347478934745723,730.0,779.6,2.0100502512562812,7.236363636363636,29.10359943536195,310.6784594612775,155.7655639026269,499.54078566897306,1.99452595090588,15.821916328331211,46.07932110836129,0.3433626179327598,1.2063648363616644,0.8140623166406015,1.1491431405614216,1.5120411900674122,110
867.0,78.44252026488725,43.94053953347357,807.0,927.0,23.121387283236995,15.727272727272727,40.711992295292404,1616.6051410095247,787.6806972537291,2476.0973179678613,2.0523609968428373,31.115157614369195,106.5232893451095,0.2920972287436944,1.2370534743470447,0.6347686009375485,1.017981137794894,1.2772783965475798,-1
837.5926966292135,124.72209490662321,43.36308413323034,713.0,960.6,15.686274509803921,25.5,161.6906645370551,2973.7476800728136,908.5655547599771,4112.106297911023,3.273013889304236,30.705202749733314,173.90679226619366,0.17656126221185095,1.34585682651543,0.9894356409913481,0.9321141832695092,0.9806933742154031,210
819.6538461538462,89.85318282191832,70.49680837498416,743.0,899.2,41.0958904109589,22.8125,67.43358017193002,2622.290268250762,2144.9321622512316,4894.381493392805,1.222551609976567,49.91425653701603,116.06960889289438,0.4300372596505898,1.12818023884379,0.47380025158578276,1.1331499920726928,1.5587447981185822,-1
819.1232876712329,84.42315874010502,59.00863873119407,751.0,886.0,34.97267759562842,18.3,72.24490128167815,2054.1381018699344,1691.476927233541,3890.794223833014,1.2144050378680225,41.782023700453124,111.83714867125506,0.37359700418750164,1.1725518715261285,0.769546346663128,1.1594418858952569,1.5752789936227813,210
775.9324675324675,58.7194572534952,38.21589042131347,723.0,824.0,15.544041450777202,16.083333333333332,18.81304803293456,1531.4422911412762,1039.6947153704828,2610.591325333621,1.4729730453574201,27.057787649645157,78.60025478803689,0.3442455463104097,1.4368304935029839,0.34991004483126015,1.1081089752797562,1.4448407002346875,-1
760.9260204081633,61.11971471644801,34.82135009199202,703.0,820.0,14.50381679389313,17.863636363636363,46.610020901086074,1971.1549820952746,786.7724083419986,2817.870129213031,2.505368720605212,24.653878510004755,82.9608891462558,0.29717471405762336,1.4548589603658886,0.5962251661583222,1.0403453363964577,1.2290034423680132,110
653.4704595185996,51.255012055789926,23.556948359954795,604.4,691.0,3.711790393013101,13.085714285714285,174.88640920778943,837.3555005331889,438.34463688484095,1467.8678511225198,1.9102674700983588,16.675529474056283,70.62230163748737,0.2361227131856131,1.5104135807372046,0.9956251397936804,1.0649733753750277,1.139799847074724,-1
679.9136363636363,55.81105947304828,29.47688540449766,625.0,728.0,9.070294784580499,12.970588235294118,225.3038432785491,1770.1454994244368,533.9885019839476,2550.6014998721175,3.314950589474771,20.86697230820792,76.19925933951824,0.27384744273211004,1.572432163076371,0.6697657364942476,0.9948798669565186,1.0559655396699008,110
687.1701149425287,34.06057523067189,28.071074655854428,660.0,715.0,8.715596330275229,8.89795918367347,24.425982636489735,251.68490650110567,216.12946195723558,511.8073568403536,1.1645099387278597,19.871666505757716,43.76779571978674,0.4540248413007019,1.0190246663858689,0.9776529362188214,1.3225489104850867,1.9393355034132282,-1
631.6236786469344,34.94256885188343,19.460255525218756,602.0,666.4000000000001,1.6877637130801686,8.033898305084746,20.434870095196203,153.8700786547597,97.66675016340557,280.16274674082894,1.5754602093068597,13.774427069301758,47.34126962592238,0.29096023782512537,1.052196437049864,0.9901702196808565,1.1526238752216829,1.3158333300739382,210
670.177130044843,27.453956837283894,23.164955952150752,649.0,691.0,2.684563758389262,7.209677419354839,9.244941477508851,312.520890346356,239.51234028655966,567.793166575582,1.3048216637708385,16.398491663442456,35.2408135926099,0.4653267047977935,1.136895770838723,0.5452226985437021,1.2530448673794483,1.761938880586689,-1
619.798755186722,35.398838367756355,19.460026569437325,586.0,650.0,1.4492753623188406,11.5,14.107895456814184,249.05352657634336,176.76005223898466,450.76562873969544,1.4089921530438103,13.774431304942263,48.13305069019177,0.28617407597123534,1.2662284775842962,0.7602300373917282,1.2138394799413623,1.4153919231156569,210
656.7719298245614,64.00120408512602,40.76482039585657,607.0,703.0,10.50328227571116,14.28125,88.86139383328334,2315.674093891911,882.3447647677937,3323.8218607668937,2.6244549595093094,28.856733220068012,85.89105262507827,0.33596902515597404,1.5017477917178021,0.5206022790574355,0.8755198657433443,0.9245406313462968,-1
650.1960784313726,53.00808408238645,21.552098004472597,607.6,684.2,2.608695652173913,8.518518518518519,17.836306971675736,616.7864478891138,189.26684520788035,831.9928692936114,3.2588192993425196,15.256228995118441,73.4730189048134,0.20764396539746602,1.535832140460369,0.8946126826359434,0.939805182752731,0.9872629016241032,210
817.9643835616438,82.98276000168178,47.38097926588802,745.0,886.0,23.497267759562842,14.076923076923077,101.79927893906846,2268.4963958028047,1040.7407475939094,3449.568964519841,2.179694031436115,33.54932879866702,112.60991183892423,0.2979251848332458,1.283129482590746,0.6861006928819492,1.0207765054714097,1.2216534149107179,-1
826.8864265927979,52.878325379941764,36.74712024664794,785.4,874.8,17.12707182320442,15.083333333333334,40.02329186401553,309.81503445788763,739.5349739523408,1113.966522086915,0.4189322281840502,26.020095851109286,70.19063307677742,0.37070610009525673,0.8378367730059055,0.8571995299799597,1.1550999736184022,1.444040730925308,210
805.587601078167,86.66529324830043,42.73949167622694,725.2,885.0,18.817204301075268,24.8,291.4740254543664,1795.282273298327,1101.3253301249813,3204.7370265848376,1.6301107621801396,30.26189667715904,118.88254800892842,0.2545528942977087,1.2531011055578705,1.103909707728598,1.060409726132014,1.2695524499719175,-1
859.7040229885057,87.43083496888151,36.95332140402637,762.0,933.4000000000001,15.18624641833811,18.36842105263158,269.92787617467127,977.2485996577852,676.369262350732,1941.7709974678555,1.4448447823624366,26.167424001101885,121.00560195510737,0.21624969074415168,1.2408104046020638,1.2063422105088253,1.03593964301055,1.1728605132764798,110
624.8455114822548,38.431202741442206,21.5816542090181,592.8,656.0,2.5,9.411764705882353,22.54336068408425,402.1686526144706,407.17485518078223,839.3323225196837,0.9877050301544555,15.27647065613491,52.213001267720784,0.29257982274961003,1.3892288021200978,0.8143303129149972,1.0170365329432198,1.056632216427227,-1
701.7417840375587,53.626065684150944,43.80196110474849,661.0,743.8,23.185011709601874,12.558823529411764,29.549808387705113,444.027153297274,1144.6895431566388,1643.6564962588523,0.38790181665572665,31.00901390887832,69.2816280260987,0.44757917491772975,0.8796748646762277,0.9212979922288902,1.178034784799876,1.6038495712840504,210
735.7980295566502,50.19095159222543,28.699664718280914,694.4,778.8,7.125307125307126,13.129032258064516,65.19953058651035,580.3922322374303,449.0493374983984,1103.1584028368477,1.292491011056219,20.318750985911418,68.09810949381126,0.2983746705590701,1.211813736077012,0.857644341444368,1.1436655527477342,1.3642751228759733,-1
720.1060240963855,32.644390464067534,21.547887527612954,692.0,748.0,0.4807692307692308,10.4,28.533684161051518,278.91106335082856,210.55268928394187,522.3000337926705,1.3246616051277391,15.255016782615035,43.622829513991796,0.3497025972999314,1.1385767539458789,0.8851290881039453,1.2419157826103824,1.602269422955488,110
674.5102040816327,45.24206007892554,27.39853642086663,654.0,708.0,4.97737556561086,7.754385964912281,17.126568281229794,755.751727355691,358.795369151544,1153.2112439057366,2.1063586443237647,19.395686651644365,61.04546279259766,0.31772527824944713,1.370829050038383,0.7251288390877739,1.0701980657019363,1.1561488172325696,-1
620.4917012448134,95.22498437370828,47.01945286876128,538.4,705.0,7.6604554865424435,21.954545454545453,44.62345111341805,791.5289377032838,491.53298223563246,1412.6538886635883,1.6103272136554987,33.28171337333912,130.48680094380597,0.2550580835196647,1.252071792301233,0.8767842510898756,0.7868217261238901,0.71027855099167,210
825.2686980609418,70.89579056553077,44.17114774284962,768.0,882.8,22.65193370165746,16.454545454545453,35.882295812988545,1631.8795284842306,973.4314691581071,2664.985978328014,1.6764195325384295,31.277025741831807,95.39483847069332,0.3278691619299776,1.396363499933876,0.5668128445693551,1.088481937970808,1.343526695103548,-1
799.6246648793565,60.955472103095765,35.74869113230481,750.0,852.0,13.903743315508022,12.466666666666667,201.46654446336697,1113.112730657607,644.6223317219144,1983.0491541522206,1.7267672494129418,25.31207042178409,82.51957017630002,0.3067402116577411,1.3727123530807506,0.8843071009006942,1.096215899529542,1.3326416476275706,110
726.5109489051096,48.460250365871374,28.611333911508623,690.2,766.8,8.25242718446602,12.484848484848484,23.907316403156845,934.5319835192232,549.1851090750265,1516.7902609427742,1.7016702894461635,20.255925026429278,65.55859725863762,0.30897435078601343,1.361838499161485,0.5828782438866953,1.0818603875916568,1.4153738618820542,-1
711.5285714285714,51.5590890131308,23.582611746233,676.0,749.0,2.6128266033254155,9.355555555555556,64.40105462419433,789.1539243899867,167.16490466016648,1026.6062478032632,4.720811021872543,16.69527963881483,71.06144464298868,0.23494146119167142,1.5050267906957977,0.9710891894282545,1.013486769760406,1.118972273393054,110
905.721212121212,86.9018664847353,67.86502171341577,844.0,978.0,51.66163141993958,15.761904761904763,35.065387635303054,879.7353810267107,1551.3660633158045,2511.785750920507,0.5670714358327607,48.06028355188852,113.19905179729318,0.42456436506156087,0.8452573326618152,0.8429154427367535,1.2181494012541458,1.7107373295467412,-1
855.5873925501432,83.27760363979205,70.50320380250896,786.0,934.2,50.57142857142857,16.666666666666668,64.11334331595258,1224.5801580416833,2650.13459336919,4012.7122250931866,0.46208225088101673,49.924603811363234,106.76645291644029,0.4676057174104701,0.9962673429899359,0.6130325808665744,1.137185336279111,1.6230040119608193,110
829.4930747922439,40.32651474373502,28.510395038760404,805.0,861.0,6.353591160220995,8.044444444444444,15.47539684151286,254.76008116610774,280.6352621973494,562.3040211237563,0.9077978268709311,20.187865488830138,53.419926179911826,0.37790889902842356,1.1271665851640158,0.7775331431108081,1.210645094650344,1.645428378117427,-1
813.7759562841529,72.64133817643823,46.90093314978167,745.2,869.0,19.07356948228883,12.655172413793103,172.01805113590734,1227.110320775946,658.1602824639434,2156.4302552853533,1.8644551387726316,33.20932814024241,97.35344403405678,0.34112124609197103,1.203589244802538,1.0916198966759796,1.1244277620601908,1.309207412777207,210
781.8638743455498,45.94644393904599,25.09628658774692,757.0,815.0,5.221932114882506,10.078947368421053,42.49377062399892,805.906657641413,259.12091943353374,1118.9401311088245,3.110156676671308,17.76901395302201,62.586938997312274,0.28390929861236835,1.42318614702273,0.8156315768884091,1.0280320405910817,1.1720712125013877,-1
844.5197740112995,42.342641940514305,27.187547768529562,810.0,879.2,6.197183098591549,9.86111111111111,28.059248495100235,799.1860964146474,259.5209900752723,1093.4869308247112,3.079466120188771,19.251625777386586,56.77165607230984,0.3391062919296535,1.310023384401369,0.8021044472131217,1.1395624279271717,1.592758223235445,110
675.6402714932127,45.81123484403516,25.602103774494488,635.0,712.0,5.417607223476298,13.029411764705882,27.098124057203506,621.5802810775153,350.96559468767475,1006.0272467231553,1.7710575922140213,18.123928413228484,62.27494083256012,0.29103084115260186,1.3125970218866214,0.7567416098603623,1.0696945980552819,1.1906982731172397,-1
661.0840707964603,75.69309254836143,29.960739574717724,587.4,728.6,8.388520971302428,16.77777777777778,44.60847566720302,967.5624583401941,426.65019089116566,1452.4011420779536,2.267812083522564,21.208459141678745,104.96155822058297,0.20205930153121301,1.3555772823782188,0.9505049178399138,0.8762360956354103,0.7981489518193055,210
724.1719128329298,42.78944434872682,29.576341774538037,693.0,756.0,7.246376811594203,10.615384615384615,17.413812154636325,974.2755863099051,648.0881024152587,1653.9038085427433,1.503307316827803,20.938980918740903,56.84857215411544,0.3683290560398898,1.3162407128036295,0.5168911477070214,1.2125164426779014,1.6028838178861795,-1
722.4842615012107,35.30816077326454,26.324010321573876,695.0,750.4000000000001,5.072463768115942,9.409090909090908,28.38965488146463,298.18287331541626,316.063388380631,660.2613372913946,0.9434274398030515,18.636437996175133,46.382334191364144,0.401800347504827,1.1029678606205553,0.908459695787217,1.268932940184437,1.6996847902818784,110
627.4737945492662,58.66260925134356,41.553473190797845,584.4,662.0,3.9748953974895396,12.256410256410257,29.671209152947526,1369.8500070406567,210.5421592518462,1620.097053078753,6.506297892585353,29.413564471272142,77.65583969582144,0.37876822382560427,1.3457236640994696,0.451613221633311,0.8025721264469481,0.7664118359486544,-1
609.9671457905545,94.02153052314713,118.42022740555993,566.0,647.0,1.4344262295081966,13.942857142857143,89.35834166361781,779.560609737206,79.96357149600587,956.7537511407702,9.748946866088199,83.82184659781448,103.39200785319125,0.8107188199385305,0.6165906352447308,0.6475396898459762,0.5392572024887738,0.46073814377848377,210
761.1526717557252,68.3012865900722,47.786435759138854,704.6,812.0,21.573604060913706,13.133333333333333,24.977377079028937,2632.916715003962,995.5701508900955,3738.6616674446177,2.644632035874104,33.8331800116469,90.60345007736343,0.37342043799389335,1.3236845376785356,0.6312664097500915,1.1182243462313934,1.359538738365973,-1
787.3139841688654,69.94478855214282,46.57806033827683,736.6,840.0,26.052631578947366,13.571428571428571,70.17444755528885,1422.5219793093456,926.5912006442004,2479.1118362317384,1.5352206866634994,32.97918515257158,93.39218026500451,0.3531257655511592,1.2095141125902937,0.8430316163625469,1.1487145273520452,1.5384021393173488,210
665.011135857461,37.404695354557944,20.342634269249686,633.0,691.4000000000001,2.888888888888889,9.375,24.62504667790084,584.8271778100915,130.70917766779303,748.6680916148738,4.474262544107444,14.400207951115252,50.897705218716816,0.2829245029659963,1.5256212008151784,0.6990914515890568,0.9707018583700964,1.0383299035272304,-1
701.4164705882353,45.78536330996627,23.575961567276476,665.0,739.0,5.39906103286385,11.833333333333334,121.02263033768892,478.99447290575955,144.8324778589667,752.0205684796122,3.307231085089832,16.690276770167184,62.620140715984576,0.2665320866311433,1.5097295600340757,0.9599244892788638,1.1175774908376983,1.2540971915085046,110
771.2835051546392,47.82595202066513,27.05662531507032,730.6,812.0,5.141388174807198,9.261904761904763,91.55951481798144,1486.4843790669793,282.02943279029046,1867.985601404572,5.270671094007019,19.156565495449193,64.943825600021,0.2949713127993341,1.5152866985042637,0.7061520567468487,1.1165748117643064,1.281347581504375,-1
709.2541567695962,65.39283458654192,22.999054840883613,652.2,778.0,2.3696682464454977,18.347826086956523,53.47462977881525,919.0082771138188,272.09459910339973,1249.3074779015126,3.3775322264466667,16.281689601121226,91.079252287409,0.17876397963548107,1.5314700894509812,0.7119699843211844,0.9378381010034205,0.9994541991680456,210
756.3113924050633,54.649323915217124,35.42716609366883,712.0,801.0,12.373737373737374,13.655172413793103,22.005726822835683,1497.6404998306161,595.177648767035,2139.6434339202433,2.516291569303914,25.08250313009777,73.19072780953654,0.34270055621484874,1.3761564773508737,0.5354425457826238,1.131717278031843,1.4739793656189948,-1
716.6746987951808,107.08457511387397,84.40282824456189,645.0,785.0,6.009615384615385,16.0,59.12581911047436,691.4856251583714,393.90030514221274,1152.9666007309256,1.7554838524654588,59.75346573626281,139.21602917306086,0.42921397838450537,0.9422671054560018,0.6299127677096763,0.7720654981441859,0.6630939019126868,210
891.3253731343284,90.66654559721802,64.67554696544029,819.0,965.0,38.69047619047619,19.764705882352942,78.67326102730566,3192.610744904204,1728.0278457254724,5026.541683286499,1.8475458904216095,45.80043407822031,119.8413671152997,0.3821754973318653,1.2576347234316647,0.5454887103803893,1.1042562968554868,1.5431676127350598,-1
996.6086956521739,93.57838303016075,67.2493472193651,937.6,1077.0,42.0,17.647058823529413,113.9237305388102,3035.5344530975262,1431.4757595990372,4601.7215968010605,2.1205629454373667,47.63126247844325,123.49462933062195,0.3856950114885078,1.1715787255541377,0.6961891038991875,1.1365547937096547,1.5389802684573344,210
790.9310344827587,75.25747505364328,71.01961301572426,732.4,849.6,44.97354497354497,15.75,46.683086408374635,955.6893066124275,1259.0887950679116,2391.0178691947076,0.7590324926693358,50.285123806293555,93.9373138110916,0.5353051068440938,0.9726292269631596,0.43648449972706727,1.1868632861916497,1.6496095188193927,-1
816.5136612021857,67.69675698486398,82.91735119004221,760.0,871.0,61.85286103542234,16.681818181818183,48.11858190964988,1160.834045020093,1803.7470447283781,3608.5125503850973,0.64356809255086,58.711439268751896,75.64879586678634,0.7761054038737079,0.7035364189354121,0.4801231942328424,1.110903638877529,1.611966358787459,110
718.1706730769231,67.3075047645052,44.545900678179066,655.0,775.8,19.18465227817746,18.130434782608695,88.4693101539792,2041.8108050629148,799.9670896424905,2970.647430276731,2.55236850552866,31.53654358049573,89.90564704538946,0.35077377914397634,1.3737192162960112,0.5973684884056745,1.0347061265769821,1.216094164858281,-1
761.1632653061225,64.22627313464753,43.566313867297566,704.0,818.0,20.35623409669211,17.08695652173913,77.3433403598771,1443.773331789153,1215.457772895039,2791.1336083979772,1.1878432669448487,30.84528205434215,85.52045861531933,0.36067722921234213,1.2054307186956468,0.6957469400466867,1.1302907652498604,1.5047939858431256,210
782.2408376963351,67.32549369975735,63.680088167277766,728.0,839.0,42.297650130548305,15.958333333333334,105.45503240649485,1193.0864790009095,2279.1398112187894,3636.879911187982,0.5234810401398309,45.087670417307,83.99967673503079,0.5367600468217502,0.9312186893229387,0.7437331054215682,1.25734014463338,1.9597512004671847,-1
743.1945137157106,69.07390288434732,47.39815722552283,687.0,795.8,28.60696517412935,15.461538461538462,89.81710631831922,1233.8602816703713,1047.3248327533797,2434.7155441956324,1.1781065845890395,33.55655740662903,91.61504003325678,0.3662778228820051,0.9573037732048872,1.1349488121599909,1.2721577477622734,1.6816828193074291,210
639.9763948497854,42.42065909829035,13.887413334673841,611.0,669.0,0.6423982869379015,8.051724137931034,94.29929627847596,790.9653121944846,116.50566359011174,1005.2302047624705,6.789071774031908,9.829776886233603,59.14397345393482,0.16620082000222175,1.721687561846691,1.060562726255475,0.7795213032710882,0.775884344236637,-1
693.4176334106728,32.95996397185083,15.192923921342384,673.0,719.0,0.6944444444444444,7.448275862068965,35.24424104985536,264.66596458566676,138.7262274850968,444.72720072932117,1.907829322426428,10.755372355658848,45.38329668879247,0.23698966669195093,1.450498634526703,0.9300283759784181,1.0504409022975922,1.1608711279737172,110
735.8645320197045,54.63140143553478,34.969862142785765,690.0,782.0,13.75921375921376,13.566666666666666,53.012727130169296,1021.9367749819689,428.7578202603324,1565.732566222689,2.3834825318439004,24.757713445343644,73.22583779711117,0.3381007877839584,1.3031923600159216,0.7650231305253674,1.2554749688522149,1.7490293372881707,-1
610.6830265848671,70.2143645706972,58.78265842454551,563.0,651.2,6.530612244897959,12.894736842105264,49.139069874913055,562.92623543644,465.7985553214694,1120.723705878597,1.2085186375211883,41.60813644319166,90.2515440460854,0.4610240952990808,0.8888603918619851,0.9876371960593341,0.9941156179758255,0.924346432706372,210
710.8788598574821,36.21533716163572,27.871206248483105,679.0,742.0,4.502369668246446,9.813953488372093,39.245618777304756,299.3379444370724,354.4587649797833,713.1326328886801,0.8444929961152047,19.731366544696424,47.32875996693212,0.4169001376432095,1.109463753411579,0.8180892743208614,1.2683160046104645,1.7032267166216872,-1
748.907268170426,42.13278832376993,31.688078669326764,715.8,784.0,11.25,9.75609756097561,10.503634808733366,306.07941732938673,602.3519285811907,938.6594146176507,0.5081405118936719,22.43498007844552,55.27828324244317,0.4058552249180513,0.9101580967462689,0.693102346280008,1.2273548821838904,1.7110220758718402,110
818.6813186813188,46.01466061667382,28.946977771288694,780.8,856.2,6.027397260273973,10.13888888888889,53.30161197152901,671.4686008432344,399.7878346200683,1132.7033507081699,1.6795623645760842,20.496602423712023,61.81409474799084,0.33158460877368473,1.1755864425080007,1.009145451062853,1.2840514723513752,1.745766219918637,-1
825.7596685082874,34.62490764932619,26.077887511515858,801.0,851.0,3.8567493112947657,7.723404255319149,23.380693488670325,388.72290904148707,211.5527995010913,630.293738549265,1.8374746633380374,18.46535652860219,45.42013699806024,0.4065455929688365,1.2275770460141446,0.9131772359759693,1.1752324475650262,1.7406228041774994,110
617.8388429752066,42.44348283335063,21.0610641541966,590.8,651.0,2.4742268041237114,9.7,17.048417332847585,228.24533872229398,232.32788044261346,489.85281844794815,0.9824276719929536,14.907736092756604,58.18422802752359,0.25621610182238075,1.1738659199390213,0.8322914001595324,1.100132404346215,1.1918346568451468,-1
689.294930875576,58.893527471111916,35.93658892812089,638.0,744.0,14.25287356321839,15.535714285714286,128.9681201782908,869.1712281769658,476.15582748222613,1511.2634739969153,1.8253923988978378,25.440050839711375,79.33022198049224,0.3206854866228312,1.323337285533096,0.8808054135699592,1.2090056264877784,1.4174387468216565,110
844.0621468926554,177.04259624035805,130.38762232168958,667.0,1020.0,55.21126760563381,27.307692307692307,294.6735940273728,22554.374344047494,5137.0445709064925,28177.566171617324,4.390535069869465,92.32781509533758,232.9275676033242,0.3963799392460574,1.4213222752634798,0.3373418048878539,0.7885357634832335,0.8092616679566169,-1
798.4235924932975,152.9541720462156,102.52789530525726,655.2,938.0,41.17647058823529,23.375,285.17457939272924,15440.661497545521,2841.429910778045,18772.368661011293,5.434116618177478,72.5949255073756,203.907000921677,0.35601977950359903,1.4647619073337286,0.4573824323244116,0.8845383124931119,0.8742169116114559,110
870.734693877551,53.61586883644661,33.570292012431764,827.4000000000001,918.0,11.046511627906977,9.82857142857143,52.52414246008901,1118.6533593519337,474.42877823492927,1658.6278127071,2.3578952430200073,23.77245331535235,72.11643637925735,0.3296398783535837,1.3428347158520142,0.7074864010584198,1.0849730817047134,1.3862943611198906,-1
893.9641791044776,60.93989135742276,59.92131131973939,863.0,937.0,7.440476190476191,11.2,73.4003390877055,664.176880254606,282.009565740604,1028.4978529015902,2.355157274578141,42.43402632096821,75.11340227961792,0.5649328220149431,1.07177748492135,0.6590887894861515,1.0483358879449263,1.162906639373507,110
547.7014652014652,44.95680341925302,17.418006745116497,512.0,585.0,2.010968921389397,10.72549019607843,19.792400043506795,1333.21758330921,168.9605189762941,1525.7286306942879,7.890704830850255,12.327684749444868,62.43130742820285,0.1974599805333555,1.702114446996933,0.6527544607341301,0.8193805262532474,0.7649556116083764,-1
603.2520161290322,46.58026150704025,20.752551102652674,565.2,639.0,2.2132796780684103,11.833333333333334,21.75940011946869,965.5973348305757,273.5152097196818,1268.7560943437938,3.530324093567556,14.689019089686408,64.26917584109113,0.22855465154875754,1.536353282486778,0.5347774741474384,0.9139214474780073,0.9425718640135379,210
686.9103448275862,43.314394715109046,27.514280993499625,652.0,722.0,7.110091743119266,10.634146341463415,48.92930110345087,756.9321843506725,342.3359563473203,1165.9646994910704,2.2110799941292747,19.477832101239667,58.12060386603752,0.3351278342897851,1.3441460858777357,0.7014227360027535,1.1385848450195448,1.4256227033833622,-1
712.6205250596659,51.175319031794366,37.01006007220215,678.0,745.2,11.428571428571429,11.35135135135135,21.766090575147295,1252.90445652382,757.3972495074722,2058.380496875969,1.6542236684099014,26.20134378477753,67.55433720093457,0.3878558338429683,1.3411528467730844,0.4545517819414852,1.082602316900903,1.3161152498734332,110
954.6932907348244,34.1993103787945,25.741648150226062,928.0,983.4,1.910828025477707,8.051282051282051,26.748646094171633,195.26275162816387,373.47262311727246,601.4269385859593,0.5228301608786202,18.231237559292282,44.88022062022665,0.40621987386300445,0.879272282455722,0.9073373661946874,1.1529883085683688,1.916168179856576,-1
898.8018018018017,34.03870429594675,23.56228896926635,869.6,929.0,1.7964071856287425,10.121212121212121,31.634777311784354,412.6937199957821,289.5858559424219,739.6980636655823,1.425116978357664,16.686125005054624,45.23015018165241,0.3689159761362752,1.0485996845969363,0.8600499476205086,1.050088484898092,1.5527595754156625,110
703.9622641509435,33.50582166489367,18.407071156960747,681.8,728.2,1.411764705882353,9.042553191489361,19.9659140275226,673.9383823506487,105.59820123077782,806.2423608097915,6.382100968536399,13.030689399199643,45.505924671362216,0.2863514914443682,1.5287162386366127,0.7179299180544604,1.1401482417939657,1.4141805891990653,-1
733.563725490196,34.21358602183735,19.474800117951702,707.0,762.4000000000001,0.9779951100244498,10.225,50.16421686096723,494.50072981061317,139.3050550585009,689.6837209983507,3.5497687402869085,13.787599597964912,46.424127687291694,0.2969921091643727,1.4579204441458473,0.8067879618793082,1.1591765516511767,1.459273467274677,210
967.9190938511326,117.43800922541807,64.31754006619391,871.0,1076.0,45.483870967741936,23.846153846153847,110.86158209822023,2320.5325672174436,2013.5118577220849,4478.527237310598,1.1524802093009254,45.55289601485001,159.95041231926115,0.2847938642629217,1.163773339942916,0.6605757582044371,1.0442468751355358,1.281464490207867,-1
874.046783625731,82.34802148018932,35.456144058117886,829.0,936.2,14.868804664723031,15.590909090909092,256.59136212874523,1093.4721064796447,279.18889727761336,1665.678410183176,3.9166031211919696,25.108014316388246,113.8935935092141,0.22045150690900786,1.435134463074584,1.157511100355303,1.0637900591177565,1.290251312099913,210
718.855421686747,58.95629022718696,36.34827012038356,667.0,768.0,15.625,16.0,104.11037929284362,1448.39115546652,611.8828109982524,2187.259809637096,2.3671054807105163,25.73223096273847,79.16946144003626,0.32502723265622213,1.3953993458325051,0.6338795663644982,1.1888556986014427,1.4813041353744671,-1
740.1712158808933,63.538761075956934,41.11577170134348,680.0,793.8000000000001,21.534653465346533,17.565217391304348,116.97638704966022,2179.1537729884503,792.6346216918763,3120.5203133166037,2.74925383443011,29.10934917019702,85.12146370139438,0.3419742554276611,1.3182124683044243,0.7163455800142448,1.214745846885557,1.5564651001313328,210
650.2608695652174,58.466465595620335,39.085183454993896,610.0,691.0,17.570498915401302,12.131578947368421,106.96041696380371,1126.2952979808406,942.2085967055674,2199.7727312781326,1.1953778620986184,27.667483924258036,78.01187800502514,0.35465732439457276,1.1435897396924266,0.8750311173502698,1.2030106572311046,1.491578304167702,-1
760.7048346055979,84.87062090115883,72.20654069691595,680.0,836.0,50.50761421319797,18.761904761904763,85.79871478470145,1371.113257969817,2810.691659973045,4356.075080997192,0.4878205878986264,51.122611003053386,108.68585730508264,0.47037040761937904,0.7493576101758506,0.6670452806545142,1.1219260598839922,1.4249321538253046,210
702.2329411764705,63.95284915372335,34.90010055893556,645.0,755.0,9.389671361502346,18.52173913043478,43.11652123571716,2064.123683904025,644.1060040142895,2766.382739113506,3.2046335091424365,24.70704861947048,87.08137374715432,0.2837236891922352,1.45332755012431,0.5280455116161428,0.9523801468475845,1.0618894122782,-1
703.9905437352246,58.628573266372875,32.341692307685804,655.6,752.0,5.89622641509434,13.25,41.91201052539978,1786.0806292195798,511.80910475596806,2363.1925428397435,3.4897398514846425,22.8961025310824,79.78966943442364,0.28695572614071185,1.4887359089483303,0.6410434104082213,1.0225127161897185,1.1535376241202215,210
732.8968058968059,45.84804690530579,22.200968755585503,701.0,771.0,2.2058823529411766,10.736842105263158,54.99744014415805,648.7681666790415,211.9139175959949,920.8396436245489,3.06147030850466,15.717330292704096,62.89638628476485,0.24989242182441956,1.372369393260844,0.9017147098691267,1.092092418819409,1.2852276720254028,-1
799.4825737265417,51.5096268034389,26.446025019125777,751.6,847.0,5.080213903743315,14.384615384615385,46.05233027750323,402.6951221023214,446.4120650664082,913.6694261744357,0.9020704268878049,18.72490573724939,70.42444886945466,0.26588643628521147,1.179900791366574,0.9496090829404309,1.1650420952643303,1.4342651889059201,110
685.144495412844,67.79610379574189,31.477629178588284,627.2,724.0,6.864988558352403,14.096774193548388,218.37714640892358,1522.08865656705,435.6195252060353,2186.682040043749,3.494078131248012,22.28331734009848,93.30402863452487,0.2388248146002678,1.5344276710226283,0.8991476489383633,0.9061607537655929,0.9657664706862941,-1
768.6760925449871,69.02410419967268,38.699310401264235,717.0,820.2,17.17948717948718,13.0,82.91499472916414,1716.9748308977355,526.2742853733415,2344.562704652908,3.262509452993139,27.399771513001674,93.81821817243252,0.2920517149733377,1.4138765138213314,0.9761644119819081,1.0904795715028395,1.3395077854407695,110
910.0365853658537,78.30193984482266,41.57363135962255,835.8000000000001,975.0,21.27659574468085,14.954545454545455,205.4327579578782,1248.5729693815792,616.9007924693183,2093.134261187972,2.0239445055400496,29.441645888312014,106.87736382532273,0.2754712956471362,1.261813383828508,0.9488244362653858,1.064119619488404,1.279338767078981,-1
874.633431085044,84.65145338257287,40.10567582697874,813.4,939.0,19.005847953216374,16.285714285714285,49.55097429171584,1383.169555150078,588.2720276586915,2041.7969673532793,2.351241415735947,28.400354567865428,116.42631986390816,0.2439341430791841,1.2869842883255573,0.9506248340378336,1.0963834850444503,1.351581121087957,210
721.2082324455206,45.46664402781209,30.984577837039257,680.6,763.0,8.212560386473431,13.8,58.19437467801108,520.8567712176518,516.5458881807278,1115.2438899723736,1.0083455954941523,21.935735269352037,60.45221303266504,0.362860748497316,1.0191573497315922,0.9967471087614183,1.2941208031145934,1.663122285307663,-1
765.474358974359,53.11712369582234,41.43716104290047,720.0,809.0,21.73913043478261,15.64,120.83753116893938,653.7918278951715,698.5907213986084,1513.22028292115,0.935872475641034,29.338075467089645,69.2381620495399,0.4237269534407666,0.905958501935356,1.1122369683781037,1.1872450732607902,1.6705659552355157,110
782.3979057591623,81.19873361798135,49.28211140735938,710.0,852.6,20.887728459530024,16.652173913043477,82.31070484285452,4665.188540289254,933.790125814675,5700.8038564766475,4.995971162384225,34.89316616227383,109.49945697873203,0.3186606319796736,1.3699423761136276,0.5912373353455056,1.0038431145447402,1.1289636320922485,-1
790.5079365079365,86.67125256778009,67.93089443441738,721.0,864.0,27.96833773087071,19.94736842105263,84.23658528009051,2755.1188585783893,1884.3858654968465,4751.339123739297,1.4620778626207542,48.0978937903264,112.86334768569155,0.4261604389431388,1.2755637513059588,0.5638847768520194,1.052375491915829,1.2407867774486523,210
671.5303370786517,47.80242202620879,24.81017809390196,635.0,708.0,3.3632286995515694,11.736842105263158,21.899879376253065,612.1028032894945,145.33305445471646,785.5604516429458,4.211724618230028,17.56311857028367,65.34316298341373,0.2687828040210079,1.4747260760920982,0.7186364197817495,0.9518272444028,1.0438595014509022,-1
663.9111111111112,42.84583331082225,19.670912731283106,625.0,701.0,2.2172949002217295,13.264705882352942,11.869716326067312,539.7708192831968,195.80086277887233,753.3436181239807,2.7567336099677298,13.924873164297756,59.03148995469722,0.23588889887387526,1.484119809328128,0.7687904839908906,1.0780886113081039,1.2539237347313301,210
829.7604456824513,44.885536823762685,27.36920344265542,794.8,868.2,5.0,10.0,20.45704491270887,925.5105197421375,282.43782688156807,1240.0754331364506,3.276864611092702,19.379772098912067,60.49682287218442,0.3203436342410406,1.4185311125627613,0.6588832729333854,1.0569505370132095,1.405838957192861,-1
823.7955801104973,38.85796749603793,21.600460062349605,793.0,854.0,1.6528925619834711,9.81081081081081,51.88374508510714,429.96098408730995,216.31608200123642,705.1552560462846,1.987651496410019,15.294971071056175,52.86105139580365,0.2893429220038245,1.3340858537554015,0.8874044761293308,1.1056673144478917,1.4165899426531585,110
627.5178197064989,44.26552004966489,21.426798746402635,591.0,659.0,3.3472803347280333,9.018867924528301,38.258835837329954,734.9557891229333,385.0351047903368,1164.685525899485,1.9088020286439566,15.166941127937651,60.80349087698132,0.24944194665769553,1.5122799100106814,0.7077601091266962,0.9468634379881213,1.0176060969620475,-1
625.8953974895397,39.693985555461026,43.598951823654495,603.0,648.0,1.4613778705636742,7.257575757575758,21.09331485619347,585.9210381630252,151.56915888212941,765.2990055317897,3.865700928106869,30.861410867901036,46.96026669283755,0.657181337358292,0.8797758036802843,0.6068148541648237,0.9625120115039736,0.9536578127515272,110
669.2595078299776,44.17531417834549,28.142782040291703,634.0,702.0,6.026785714285714,9.142857142857142,50.95649917053142,1267.3533042610782,812.3145339876547,2146.357556026305,1.5601755862222932,19.92208350388927,59.23574740148307,0.33631859776940176,1.2128448771097955,0.4609690106252268,1.0991344084167833,1.2575631101296088,-1
664.0822222222223,57.92132514171995,34.09980507834824,615.0,708.0,10.643015521064301,12.885714285714286,27.355158196199255,1331.6933884919097,456.48929171358066,1849.607582766836,2.917250004908037,24.139023024036533,78.36641213188581,0.30802766602880904,1.3951521013139672,0.5557139582756239,1.0847283803271757,1.2243555201018732,210
565.3421550094517,40.6986497860894,16.15398017640008,533.8,594.2,1.1320754716981132,10.6,15.720210279765496,715.7156056381705,227.8336515885479,962.3618772796387,3.141395490297036,11.433318767786378,56.44757518116055,0.2025475626028709,1.6527552222880793,0.6870794211427942,0.8188527978036393,0.8094676786510463,-1
575.5,39.61477968171437,16.629749177071425,544.0,603.0,1.727447216890595,10.63265306122449,37.635705624290296,927.1749380385686,198.3447364435559,1165.9429145537595,4.6745628578977705,11.770322808575902,54.82659683582452,0.21468271765656985,1.666661218483413,0.7203186714537639,0.8401111191116319,0.8821776071520905,110
1084.850909090909,123.54151142279302,144.45823514311726,999.0,1191.0,78.26086956521739,25.09090909090909,209.21771875582454,3252.8557462506337,5968.451110671253,9671.73140712758,0.5450083591092355,102.33343677907001,141.92480262167354,0.7210398386239681,0.7267471419358007,0.6907907348299366,1.045438117793541,1.8433642415810578,-1
1021.1467576791808,137.7447891077823,123.80491981688327,912.2,1137.8,69.72789115646259,26.727272727272727,112.5463616959968,1835.9688522896981,4874.762076282467,6885.050475754071,0.3766273765897971,87.69245548559972,174.1365773018432,0.5035843522615941,0.8520182443799182,0.9284191895417214,1.1491955582197537,1.8629132294843456,110
535.236559139785,44.22605611823627,13.950913100660463,508.0,563.0,0.8944543828264758,10.75,16.20159535782898,735.3933707028109,141.9131131830591,896.9052078112894,5.181997309538261,9.873632842670085,61.816990539240365,0.15972360926244822,1.7023372231735057,0.7847055678159338,0.7497097506115029,0.7191289746986974,-1
529.4654867256637,31.776725968209394,11.170936556565648,501.0,557.0,0.17667844522968199,8.323529411764707,11.139512789065181,549.7143737767992,59.178396188557194,622.3892011923627,9.289105639586303,7.906002746493414,44.27016488565667,0.17858534674342091,1.7397360689274406,0.6857360483656476,0.8868416195095339,0.8612776088343669,210
609.908350305499,23.70709226268419,10.192781354217235,593.2,629.0,0.20325203252032523,6.833333333333333,12.215387651092978,109.36337687563422,48.10113125172772,171.13834235873702,2.273613406372975,7.214677400569092,32.76384224357828,0.22020242152713848,1.389985649563275,0.9334793372923471,1.1554257063871263,1.3016160541073996,-1
637.5982905982905,31.42541293721575,13.159422797498328,617.0,663.0,0.0,7.816666666666666,18.69631522268183,143.48412109165596,71.5774464888844,236.92958843556676,2.0045996068599385,9.314532966476712,43.394934133008086,0.2146456297854286,1.3001158643215867,1.169170023780009,1.1013600493372073,1.1993504873744232,110
667.2924107142858,41.66315535135708,17.841459115050306,645.0,698.0,1.3363028953229399,7.741379310344827,22.070287306457573,533.9045939339592,109.26004682217832,671.3967535047782,4.886549195818061,12.629917726122256,57.6179306335399,0.21920116858154345,1.4634878580656847,0.8775222359983067,1.0167321518745092,1.06864831924646,-1
731.9509803921569,36.28249117281637,22.145919693283716,703.0,760.0,1.9559902200488997,9.975609756097562,23.32796263141208,313.1080981059688,230.13291006379535,576.4660740642896,1.3605533342413818,15.678746431896778,48.920754678804066,0.32049273431772957,1.1341503236471855,0.8833618120668575,1.2142197509648192,1.5000589538319031,210
976.3934426229508,99.12497140983601,75.28019092385463,883.0,1063.0,52.28758169934641,20.4,76.81604530183999,1791.0418169027048,3322.5598894206273,5247.086186866952,0.5390547880282207,53.31857701797001,129.8882447868143,0.4104957850918829,0.8494405411654015,0.7501857084613656,1.129896762934682,1.700844378757952,-1
918.36,98.3157688267757,69.18344242997408,832.0,1004.9999999999999,49.693251533742334,25.076923076923077,61.11457460586776,2852.181186897771,2686.3155040623824,5648.683471556702,1.0617446768946381,48.99366235689572,129.8952355755036,0.37717828633073613,1.043320685025448,0.5991559089175016,1.137467133487081,1.641861099139327,210
707.0118203309693,51.330914120445314,43.40267229682118,670.0,736.0,19.339622641509436,10.871794871794872,40.174926693967095,1299.513473052294,510.6651100812704,1906.0775576112387,2.5447469337497552,30.726663694759047,65.86349485932142,0.46652039586402866,1.210619914005171,0.630971360394912,1.1313030232067645,1.3759987506342213,-1
772.2196382428941,88.33870585898748,70.75966985517819,694.0,853.8000000000001,36.340206185567006,19.4,215.2557803857148,1344.8990638053992,948.0119320325828,2653.977317724197,1.4186520426192015,50.09934081858616,114.5966628385922,0.4371797535601048,1.0538065422140874,0.9777371357394234,1.1358788887272269,1.3845404875337943,210
523.7127845884413,16.910648914572043,5.098152999363404,512.0,536.0,0.0,4.5396825396825395,12.511225978166943,65.52631614275873,19.238621299788658,98.0233924966454,3.405977752858962,3.6080117789678527,23.647461364339982,0.15257501527875125,1.705914563118606,1.122173551429445,0.7903804182659009,0.7079329438415285,-1
545.6167883211679,19.461618860290663,5.860302653647984,532.0,562.0,0.0,5.330097087378641,12.126040808489517,98.88788507739166,24.700404571092047,137.04128758723476,4.003492525508041,4.147194337840735,27.158476326678382,0.15270349808861894,1.5960012225761837,1.17034245535352,0.8727306407213171,0.8109302162163288,210
691.1939953810623,36.83330229479747,22.388693227911986,669.0,717.0,3.225806451612903,7.233333333333333,24.184430720687395,418.7254959163256,279.00059202747946,734.1607013529166,1.5008050444390608,15.849489889494087,49.67819785199421,0.3190431733597568,1.16502208649871,1.0328726621329514,1.212858061198283,1.4616882708072987,-1
683.6422018348622,51.72453021869395,30.43034040638924,649.0,719.8,2.517162471395881,12.485714285714286,63.69693117527234,563.0919532115631,222.61013239047418,871.98411700965,2.52949830793802,21.542096670302918,69.96071033270724,0.3079170661340727,1.3306564993705272,0.9039055068289513,1.0928819750429715,1.1887845145805018,210
712.563245823389,56.775340750965626,31.363072879062287,662.0,761.0,7.857142857142857,16.8,42.033358027247,1470.2029641500853,616.0828444456392,2141.965604329592,2.3863721858267235,22.203467282039874,77.24054596610563,0.28745870454855543,1.4056762118861328,0.6832288416968849,1.1055742986898327,1.289586557048928,-1
688.3571428571429,83.5613635673668,32.43300124465401,597.6,767.2,10.574712643678161,20.714285714285715,143.59560019384472,791.7334307825934,799.3011194837571,1745.8449138958604,0.9905321179756992,22.95901162639313,115.87999979376748,0.19812747382855936,1.336756552727559,0.9217656684156589,0.9809654702775492,1.0065551740733263,210
927.5545171339564,56.17510717845929,35.740397758140745,885.0,973.0,15.217391304347828,14.0,92.98642740846923,458.20928119646624,678.0537069299876,1236.1428175414285,0.6757713681281867,25.31170511837751,75.42784419780897,0.33557508354604104,1.0348845207294903,1.0867217340560476,1.1167540288388484,1.5497057494006854,-1
909.3902439024391,90.42184417948219,37.65299273208194,832.2,988.0,16.717325227963524,20.5625,214.20701746357167,1588.580287587456,603.6740060102642,2411.589740329141,2.6315201114696425,26.665362126939474,125.26392556609389,0.21287343508063572,1.3023869521097793,1.2947866092655145,1.0462072839974588,1.2522196378653216,110
775.8025974025974,74.77156549277615,58.131107829087405,720.0,833.0,30.310880829015545,18.38095238095238,119.72447908686412,1273.9672613735318,1603.6934727004818,3053.255739695817,0.7943957389988503,41.15837749000754,97.55013403439757,0.42192025564510766,1.1225155336515589,0.7362450171124116,1.079237712398438,1.4273290989661263,-1
739.8982630272953,53.99510199237102,36.5800066440545,696.6,779.0,15.841584158415841,13.03225806451613,44.37569650395931,1054.336439984068,642.7094901761025,1752.9898901112588,1.6404556897007694,25.898090576680712,71.926385505627,0.36006384019748405,1.2191513730303616,0.7735368214062327,1.166351757449779,1.5710638995524853,110
931.9906249999999,213.710836849958,269.9969014945929,741.0,1210.0,78.81619937694704,22.928571428571427,106.03762865882003,2438.7919227003786,37130.282958614145,40087.331053127826,0.06568201824421012,191.21471455040367,234.1766394975673,0.8165405181347736,0.3349511892215738,0.44692519503052525,1.063867091278289,1.1340023200912632,-1
938.1792452830189,213.50382424085086,251.3649231570233,754.0,1229.0,74.60815047021944,29.0,208.1092054427823,5068.105987136692,31312.578430589638,37211.369800570166,0.1618552748177901,178.0213077329607,244.15801966956576,0.729123327482292,0.4564311104267527,0.5452191412611975,1.1180122824857253,1.2872034584756598,110
